{
	"info": {
		"_postman_id": "28a24e84-5f82-473f-ac6e-0db7d8694447",
		"name": "cart-collection-v06",
		"description": "Stores cart data for each user",
		"schema": "https://schema.getpostman.com/json/collection/v2.1.0/collection.json",
		"_uid": "23564882-28a24e84-5f82-473f-ac6e-0db7d8694447"
	},
	"item": [
		{
			"name": "cart",
			"item": [
				{
					"name": "{user Id}",
					"item": [
						{
							"name": "Returns all items in the cart",
							"id": "13f3977a-363c-4fca-b32d-02cad03de2e2",
							"protocolProfileBehavior": {
								"disableBodyPruning": true
							},
							"request": {
								"method": "GET",
								"header": [
									{
										"key": "Accept",
										"value": "application/json"
									}
								],
								"url": {
									"raw": "{{baseUrl}}/cart/:userId",
									"host": [
										"{{baseUrl}}"
									],
									"path": [
										"cart",
										":userId"
									],
									"variable": [
										{
											"key": "userId",
											"value": "<string>",
											"description": "(Required) The unique identifier of the cart"
										}
									]
								}
							},
							"response": [
								{
									"id": "eb4ad967-6bed-4494-bb9c-848f8547d802",
									"name": "The items corresponding to the provided `userId`",
									"originalRequest": {
										"method": "GET",
										"header": [],
										"url": {
											"raw": "{{baseUrl}}/cart/:userId",
											"host": [
												"{{baseUrl}}"
											],
											"path": [
												"cart",
												":userId"
											],
											"variable": [
												{
													"key": "userId",
													"value": "<string>",
													"description": "(Required) The unique identifier of the cart"
												}
											]
										}
									},
									"status": "OK",
									"code": 200,
									"_postman_previewlanguage": "json",
									"header": [
										{
											"key": "Content-Type",
											"value": "application/json"
										}
									],
									"cookie": [],
									"body": "{\n  \"userId\": \"<string>\",\n  \"cartSize\": \"<integer>\",\n  \"cartAge\": \"<integer>\",\n  \"itemRep\": \"<object>\",\n  \"subtotal\": \"<number>\"\n}"
								},
								{
									"id": "1977078a-63f5-4681-8ec5-ee17db198600",
									"name": "No cart found for the provided `userId`",
									"originalRequest": {
										"method": "GET",
										"header": [],
										"url": {
											"raw": "{{baseUrl}}/cart/:userId",
											"host": [
												"{{baseUrl}}"
											],
											"path": [
												"cart",
												":userId"
											],
											"variable": [
												{
													"key": "userId",
													"value": "<string>",
													"description": "(Required) The unique identifier of the cart"
												}
											]
										}
									},
									"status": "Not Found",
									"code": 404,
									"_postman_previewlanguage": "json",
									"header": [
										{
											"key": "Content-Type",
											"value": "application/json"
										}
									],
									"cookie": [],
									"body": "{\n  \"errorMsg\": \"<string>\"\n}"
								},
								{
									"id": "fc9272ba-64d7-4adc-a62b-ceeac05248f7",
									"name": "Unexpected error",
									"originalRequest": {
										"method": "GET",
										"header": [],
										"url": {
											"raw": "{{baseUrl}}/cart/:userId",
											"host": [
												"{{baseUrl}}"
											],
											"path": [
												"cart",
												":userId"
											],
											"variable": [
												{
													"key": "userId",
													"value": "<string>",
													"description": "(Required) The unique identifier of the cart"
												}
											]
										}
									},
									"status": "Internal Server Error",
									"code": 500,
									"_postman_previewlanguage": "json",
									"header": [
										{
											"key": "Content-Type",
											"value": "application/json"
										}
									],
									"cookie": [],
									"body": "{\n  \"errorMsg\": \"<string>\"\n}"
								}
							]
						},
						{
							"name": "add an item to the cart",
							"id": "0cbeea09-1e4d-4823-b7a1-a7ebad8e3e9f",
							"protocolProfileBehavior": {
								"disableBodyPruning": true
							},
							"request": {
								"method": "POST",
								"header": [
									{
										"key": "Accept",
										"value": "application/json"
									}
								],
								"url": {
									"raw": "{{baseUrl}}/cart/:userId",
									"host": [
										"{{baseUrl}}"
									],
									"path": [
										"cart",
										":userId"
									],
									"variable": [
										{
											"key": "userId",
											"value": "<string>",
											"description": "(Required) The unique identifier of the cart"
										}
									]
								}
							},
							"response": [
								{
									"id": "154ecce6-0886-4835-9cf6-948b36522f2a",
									"name": "adds item to the cart with specified userId",
									"originalRequest": {
										"method": "POST",
										"header": [],
										"url": {
											"raw": "{{baseUrl}}/cart/:userId",
											"host": [
												"{{baseUrl}}"
											],
											"path": [
												"cart",
												":userId"
											],
											"variable": [
												{
													"key": "userId",
													"value": "<string>",
													"description": "(Required) The unique identifier of the cart"
												}
											]
										}
									},
									"status": "OK",
									"code": 200,
									"_postman_previewlanguage": "text",
									"header": [
										{
											"key": "Content-Type",
											"value": "text/plain"
										}
									],
									"cookie": [],
									"body": ""
								},
								{
									"id": "a03d8560-e390-4ea4-a743-09601a40cad7",
									"name": "No item found for specified userId",
									"originalRequest": {
										"method": "POST",
										"header": [],
										"url": {
											"raw": "{{baseUrl}}/cart/:userId",
											"host": [
												"{{baseUrl}}"
											],
											"path": [
												"cart",
												":userId"
											],
											"variable": [
												{
													"key": "userId",
													"value": "<string>",
													"description": "(Required) The unique identifier of the cart"
												}
											]
										}
									},
									"status": "Not Found",
									"code": 404,
									"_postman_previewlanguage": "json",
									"header": [
										{
											"key": "Content-Type",
											"value": "application/json"
										}
									],
									"cookie": [],
									"body": "{\n  \"errorMsg\": \"<string>\"\n}"
								},
								{
									"id": "cc7ac40b-0794-4930-871e-c5a18469b799",
									"name": "internal server error",
									"originalRequest": {
										"method": "POST",
										"header": [],
										"url": {
											"raw": "{{baseUrl}}/cart/:userId",
											"host": [
												"{{baseUrl}}"
											],
											"path": [
												"cart",
												":userId"
											],
											"variable": [
												{
													"key": "userId",
													"value": "<string>",
													"description": "(Required) The unique identifier of the cart"
												}
											]
										}
									},
									"status": "Internal Server Error",
									"code": 500,
									"_postman_previewlanguage": "json",
									"header": [
										{
											"key": "Content-Type",
											"value": "application/json"
										}
									],
									"cookie": [],
									"body": "{\n  \"errorMsg\": \"<string>\"\n}"
								}
							]
						},
						{
							"name": "removes an item from the cart",
							"id": "9b67173d-f4da-44ec-bb48-2357cfeddc89",
							"protocolProfileBehavior": {
								"disableBodyPruning": true
							},
							"request": {
								"method": "DELETE",
								"header": [
									{
										"key": "Accept",
										"value": "application/json"
									}
								],
								"url": {
									"raw": "{{baseUrl}}/cart/:userId",
									"host": [
										"{{baseUrl}}"
									],
									"path": [
										"cart",
										":userId"
									],
									"variable": [
										{
											"key": "userId",
											"value": "<string>",
											"description": "(Required) The unique identifier of the cart"
										}
									]
								}
							},
							"response": [
								{
									"id": "10c69183-6791-4d01-a0a7-139e859c8df5",
									"name": "successfully removed an item from the cart",
									"originalRequest": {
										"method": "DELETE",
										"header": [],
										"url": {
											"raw": "{{baseUrl}}/cart/:userId",
											"host": [
												"{{baseUrl}}"
											],
											"path": [
												"cart",
												":userId"
											],
											"variable": [
												{
													"key": "userId",
													"value": "<string>",
													"description": "(Required) The unique identifier of the cart"
												}
											]
										}
									},
									"status": "OK",
									"code": 200,
									"_postman_previewlanguage": "text",
									"header": [
										{
											"key": "Content-Type",
											"value": "text/plain"
										}
									],
									"cookie": [],
									"body": ""
								},
								{
									"id": "2d814834-c011-4f3c-a6af-bb54e22e2567",
									"name": "No item found for given userId",
									"originalRequest": {
										"method": "DELETE",
										"header": [],
										"url": {
											"raw": "{{baseUrl}}/cart/:userId",
											"host": [
												"{{baseUrl}}"
											],
											"path": [
												"cart",
												":userId"
											],
											"variable": [
												{
													"key": "userId",
													"value": "<string>",
													"description": "(Required) The unique identifier of the cart"
												}
											]
										}
									},
									"status": "Not Found",
									"code": 404,
									"_postman_previewlanguage": "json",
									"header": [
										{
											"key": "Content-Type",
											"value": "application/json"
										}
									],
									"cookie": [],
									"body": "{\n  \"errorMsg\": \"<string>\"\n}"
								},
								{
									"id": "f89d8774-b0fe-4ce7-8cb9-579d16004b61",
									"name": "internal server error",
									"originalRequest": {
										"method": "DELETE",
										"header": [],
										"url": {
											"raw": "{{baseUrl}}/cart/:userId",
											"host": [
												"{{baseUrl}}"
											],
											"path": [
												"cart",
												":userId"
											],
											"variable": [
												{
													"key": "userId",
													"value": "<string>",
													"description": "(Required) The unique identifier of the cart"
												}
											]
										}
									},
									"status": "Internal Server Error",
									"code": 500,
									"_postman_previewlanguage": "json",
									"header": [
										{
											"key": "Content-Type",
											"value": "application/json"
										}
									],
									"cookie": [],
									"body": "{\n  \"errorMsg\": \"<string>\"\n}"
								}
							]
						},
						{
							"name": "gets subtotal for the cart",
							"id": "f1992ffd-01c5-4282-9a42-a00715838b26",
							"protocolProfileBehavior": {
								"disableBodyPruning": true
							},
							"request": {
								"method": "GET",
								"header": [
									{
										"key": "Accept",
										"value": "application/json"
									}
								],
								"url": {
									"raw": "{{baseUrl}}/cart/:userId/subtotal",
									"host": [
										"{{baseUrl}}"
									],
									"path": [
										"cart",
										":userId",
										"subtotal"
									],
									"variable": [
										{
											"key": "userId",
											"value": "<string>",
											"description": "(Required) The unique identifier of the cart"
										}
									]
								}
							},
							"response": [
								{
									"id": "abad837b-fa02-4f96-8d75-82293e5b680a",
									"name": "Successfully obtained cart subtotal",
									"originalRequest": {
										"method": "GET",
										"header": [],
										"url": {
											"raw": "{{baseUrl}}/cart/:userId/subtotal",
											"host": [
												"{{baseUrl}}"
											],
											"path": [
												"cart",
												":userId",
												"subtotal"
											],
											"variable": [
												{
													"key": "userId",
													"value": "<string>",
													"description": "(Required) The unique identifier of the cart"
												}
											]
										}
									},
									"status": "OK",
									"code": 200,
									"_postman_previewlanguage": "json",
									"header": [
										{
											"key": "Content-Type",
											"value": "application/json"
										}
									],
									"cookie": [],
									"body": "{\n  \"userId\": \"<string>\",\n  \"cartSize\": \"<integer>\",\n  \"cartAge\": \"<integer>\",\n  \"itemRep\": \"<object>\",\n  \"subtotal\": \"<number>\"\n}"
								},
								{
									"id": "be003176-3b6c-4d2e-991f-1ee25a411c5b",
									"name": "No subtotal found for given userId",
									"originalRequest": {
										"method": "GET",
										"header": [],
										"url": {
											"raw": "{{baseUrl}}/cart/:userId/subtotal",
											"host": [
												"{{baseUrl}}"
											],
											"path": [
												"cart",
												":userId",
												"subtotal"
											],
											"variable": [
												{
													"key": "userId",
													"value": "<string>",
													"description": "(Required) The unique identifier of the cart"
												}
											]
										}
									},
									"status": "Not Found",
									"code": 404,
									"_postman_previewlanguage": "json",
									"header": [
										{
											"key": "Content-Type",
											"value": "application/json"
										}
									],
									"cookie": [],
									"body": "{\n  \"errorMsg\": \"<string>\"\n}"
								},
								{
									"id": "0401a409-50dd-4e60-af61-963b35f9abff",
									"name": "Unexpected error",
									"originalRequest": {
										"method": "GET",
										"header": [],
										"url": {
											"raw": "{{baseUrl}}/cart/:userId/subtotal",
											"host": [
												"{{baseUrl}}"
											],
											"path": [
												"cart",
												":userId",
												"subtotal"
											],
											"variable": [
												{
													"key": "userId",
													"value": "<string>",
													"description": "(Required) The unique identifier of the cart"
												}
											]
										}
									},
									"status": "Internal Server Error",
									"code": 500,
									"_postman_previewlanguage": "json",
									"header": [
										{
											"key": "Content-Type",
											"value": "application/json"
										}
									],
									"cookie": [],
									"body": "{\n  \"errorMsg\": \"<string>\"\n}"
								}
							]
						},
						{
							"name": "removes all items from the cart",
							"id": "10d0ef56-db65-43f0-8b05-b3941be2df23",
							"protocolProfileBehavior": {
								"disableBodyPruning": true
							},
							"request": {
								"method": "DELETE",
								"header": [
									{
										"key": "Accept",
										"value": "application/json"
									}
								],
								"url": {
									"raw": "{{baseUrl}}/cart/:userId/removeAll",
									"host": [
										"{{baseUrl}}"
									],
									"path": [
										"cart",
										":userId",
										"removeAll"
									],
									"variable": [
										{
											"key": "userId",
											"value": "<string>",
											"description": "(Required) The unique identifier of the user"
										}
									]
								}
							},
							"response": [
								{
									"id": "d23c9fec-9293-4f1f-aa50-b951c5abde2c",
									"name": "Removes all items from cart successfully",
									"originalRequest": {
										"method": "DELETE",
										"header": [],
										"url": {
											"raw": "{{baseUrl}}/cart/:userId/removeAll",
											"host": [
												"{{baseUrl}}"
											],
											"path": [
												"cart",
												":userId",
												"removeAll"
											],
											"variable": [
												{
													"key": "userId",
													"value": "<string>",
													"description": "(Required) The unique identifier of the user"
												}
											]
										}
									},
									"status": "OK",
									"code": 200,
									"_postman_previewlanguage": "text",
									"header": [
										{
											"key": "Content-Type",
											"value": "text/plain"
										}
									],
									"cookie": [],
									"body": ""
								},
								{
									"id": "32017ba8-497f-4b2c-af32-6804d2f7472d",
									"name": "Nothing in cart to delete",
									"originalRequest": {
										"method": "DELETE",
										"header": [],
										"url": {
											"raw": "{{baseUrl}}/cart/:userId/removeAll",
											"host": [
												"{{baseUrl}}"
											],
											"path": [
												"cart",
												":userId",
												"removeAll"
											],
											"variable": [
												{
													"key": "userId",
													"value": "<string>",
													"description": "(Required) The unique identifier of the user"
												}
											]
										}
									},
									"status": "Not Found",
									"code": 404,
									"_postman_previewlanguage": "json",
									"header": [
										{
											"key": "Content-Type",
											"value": "application/json"
										}
									],
									"cookie": [],
									"body": "{\n  \"errorMsg\": \"<string>\"\n}"
								},
								{
									"id": "717fed1b-070c-4faa-b304-92a7e736619f",
									"name": "Unexpected error",
									"originalRequest": {
										"method": "DELETE",
										"header": [],
										"url": {
											"raw": "{{baseUrl}}/cart/:userId/removeAll",
											"host": [
												"{{baseUrl}}"
											],
											"path": [
												"cart",
												":userId",
												"removeAll"
											],
											"variable": [
												{
													"key": "userId",
													"value": "<string>",
													"description": "(Required) The unique identifier of the user"
												}
											]
										}
									},
									"status": "Internal Server Error",
									"code": 500,
									"_postman_previewlanguage": "json",
									"header": [
										{
											"key": "Content-Type",
											"value": "application/json"
										}
									],
									"cookie": [],
									"body": "{\n  \"errorMsg\": \"<string>\"\n}"
								}
							]
						},
						{
							"name": "Get Item information",
							"id": "adf40759-dc5b-4a51-becb-5d7659850ae1",
							"protocolProfileBehavior": {
								"disableBodyPruning": true
							},
							"request": {
								"method": "GET",
								"header": [
									{
										"key": "Accept",
										"value": "application/json"
									}
								],
								"url": {
									"raw": "{{baseUrl}}/cart/:userId/:itemId",
									"host": [
										"{{baseUrl}}"
									],
									"path": [
										"cart",
										":userId",
										":itemId"
									],
									"variable": [
										{
											"key": "userId",
											"value": "<string>",
											"description": "(Required) The unique identifier of the user"
										},
										{
											"key": "itemId",
											"value": "<string>",
											"description": "(Required) The unique identifier of the item"
										}
									]
								}
							},
							"response": [
								{
									"id": "587b09dc-69d6-4f2f-9eb5-3c34787ed19e",
									"name": "The item corresponding to the provided 'itemId'",
									"originalRequest": {
										"method": "GET",
										"header": [],
										"url": {
											"raw": "{{baseUrl}}/cart/:userId/:itemId",
											"host": [
												"{{baseUrl}}"
											],
											"path": [
												"cart",
												":userId",
												":itemId"
											],
											"variable": [
												{
													"key": "userId",
													"value": "<string>",
													"description": "(Required) The unique identifier of the user"
												},
												{
													"key": "itemId",
													"value": "<string>",
													"description": "(Required) The unique identifier of the item"
												}
											]
										}
									},
									"status": "OK",
									"code": 200,
									"_postman_previewlanguage": "json",
									"header": [
										{
											"key": "Content-Type",
											"value": "application/json"
										}
									],
									"cookie": [],
									"body": "{\n  \"userId\": \"<string>\",\n  \"cartSize\": \"<integer>\",\n  \"cartAge\": \"<integer>\",\n  \"itemRep\": \"<object>\",\n  \"subtotal\": \"<number>\"\n}"
								},
								{
									"id": "b9a216d3-4cad-46e0-85bd-58d069928c01",
									"name": "No item found for the provided 'itemId'",
									"originalRequest": {
										"method": "GET",
										"header": [],
										"url": {
											"raw": "{{baseUrl}}/cart/:userId/:itemId",
											"host": [
												"{{baseUrl}}"
											],
											"path": [
												"cart",
												":userId",
												":itemId"
											],
											"variable": [
												{
													"key": "userId",
													"value": "<string>",
													"description": "(Required) The unique identifier of the user"
												},
												{
													"key": "itemId",
													"value": "<string>",
													"description": "(Required) The unique identifier of the item"
												}
											]
										}
									},
									"status": "Not Found",
									"code": 404,
									"_postman_previewlanguage": "json",
									"header": [
										{
											"key": "Content-Type",
											"value": "application/json"
										}
									],
									"cookie": [],
									"body": "{\n  \"errorMsg\": \"<string>\"\n}"
								},
								{
									"id": "b3bf78ed-1572-4f64-9b03-a77276a4bc51",
									"name": "internal server error",
									"originalRequest": {
										"method": "GET",
										"header": [],
										"url": {
											"raw": "{{baseUrl}}/cart/:userId/:itemId",
											"host": [
												"{{baseUrl}}"
											],
											"path": [
												"cart",
												":userId",
												":itemId"
											],
											"variable": [
												{
													"key": "userId",
													"value": "<string>",
													"description": "(Required) The unique identifier of the user"
												},
												{
													"key": "itemId",
													"value": "<string>",
													"description": "(Required) The unique identifier of the item"
												}
											]
										}
									},
									"status": "Internal Server Error",
									"code": 500,
									"_postman_previewlanguage": "json",
									"header": [
										{
											"key": "Content-Type",
											"value": "application/json"
										}
									],
									"cookie": [],
									"body": "{\n  \"errorMsg\": \"<string>\"\n}"
								}
							]
						}
					],
					"id": "fcba8b47-dc29-4773-b520-ace944d90488"
				},
				{
					"name": "Retrieve list of all carts",
					"id": "2739746c-0b6b-4e48-873c-a5a6c4e8ec16",
					"protocolProfileBehavior": {
						"disableBodyPruning": true
					},
					"request": {
						"method": "GET",
						"header": [
							{
								"key": "Accept",
								"value": "application/json"
							}
						],
						"url": {
							"raw": "{{baseUrl}}/cart?timeAfter=<integer>",
							"host": [
								"{{baseUrl}}"
							],
							"path": [
								"cart"
							],
							"query": [
								{
									"key": "timeAfter",
									"value": "<integer>",
									"description": "Return carts that are inactive for {timeAfter} or longer (days)"
								}
							]
						}
					},
					"response": [
						{
							"id": "811fbb81-d8ca-46ff-b146-a8230514689c",
							"name": "Successfully returned a list of cartIDs and their age.",
							"originalRequest": {
								"method": "GET",
								"header": [],
								"url": {
									"raw": "{{baseUrl}}/cart?timeAfter=<integer>",
									"host": [
										"{{baseUrl}}"
									],
									"path": [
										"cart"
									],
									"query": [
										{
											"key": "timeAfter",
											"value": "<integer>"
										}
									]
								}
							},
							"status": "OK",
							"code": 200,
							"_postman_previewlanguage": "json",
							"header": [
								{
									"key": "Content-Type",
									"value": "application/json"
								}
							],
							"cookie": [],
							"body": "[\n  {\n    \"userId\": \"<string>\",\n    \"cartAge\": \"<integer>\"\n  },\n  {\n    \"userId\": \"<string>\",\n    \"cartAge\": \"<integer>\"\n  }\n]"
						},
						{
							"id": "9a6eb84a-3ba9-4e10-b900-7e72391cfe45",
							"name": "No carts found",
							"originalRequest": {
								"method": "GET",
								"header": [],
								"url": {
									"raw": "{{baseUrl}}/cart?timeAfter=<integer>",
									"host": [
										"{{baseUrl}}"
									],
									"path": [
										"cart"
									],
									"query": [
										{
											"key": "timeAfter",
											"value": "<integer>"
										}
									]
								}
							},
							"status": "Not Found",
							"code": 404,
							"_postman_previewlanguage": "json",
							"header": [
								{
									"key": "Content-Type",
									"value": "application/json"
								}
							],
							"cookie": [],
							"body": "{\n  \"errorMsg\": \"<string>\"\n}"
						},
						{
							"id": "1c6ff16c-b80b-4a73-815c-9e4f48a36dea",
							"name": "Unexpected error",
							"originalRequest": {
								"method": "GET",
								"header": [],
								"url": {
									"raw": "{{baseUrl}}/cart?timeAfter=<integer>",
									"host": [
										"{{baseUrl}}"
									],
									"path": [
										"cart"
									],
									"query": [
										{
											"key": "timeAfter",
											"value": "<integer>"
										}
									]
								}
							},
							"status": "Internal Server Error",
							"code": 500,
							"_postman_previewlanguage": "json",
							"header": [
								{
									"key": "Content-Type",
									"value": "application/json"
								}
							],
							"cookie": [],
							"body": "{\n  \"errorMsg\": \"<string>\"\n}"
						}
					]
				},
				{
					"name": "/cart",
					"id": "924a2425-83eb-4d9d-b5f3-2458ef3ddc18",
					"protocolProfileBehavior": {
						"disableBodyPruning": true
					},
					"request": {
						"method": "POST",
						"header": [
							{
								"key": "Content-Type",
								"value": "application/json"
							}
						],
						"body": {
							"mode": "raw",
							"raw": "{\n  \"userId\": \"<string>\",\n  \"cartAge\": \"<integer>\"\n}",
							"options": {
								"raw": {
									"language": "json"
								}
							}
						},
						"url": {
							"raw": "{{baseUrl}}/cart",
							"host": [
								"{{baseUrl}}"
							],
							"path": [
								"cart"
							]
						},
						"description": "Create a new cart for a user"
					},
					"response": [
						{
							"id": "8becb29c-7fc6-45de-a6ea-0e3663de541e",
							"name": "Successfully created a cart with ID userId",
							"originalRequest": {
								"method": "POST",
								"header": [],
								"body": {
									"mode": "raw",
									"raw": "{\n  \"userId\": \"<string>\",\n  \"cartAge\": \"<integer>\"\n}",
									"options": {
										"raw": {
											"language": "json"
										}
									}
								},
								"url": {
									"raw": "{{baseUrl}}/cart",
									"host": [
										"{{baseUrl}}"
									],
									"path": [
										"cart"
									]
								}
							},
							"status": "OK",
							"code": 200,
							"_postman_previewlanguage": "text",
							"header": [
								{
									"key": "Content-Type",
									"value": "text/plain"
								}
							],
							"cookie": [],
							"body": ""
						}
					]
				}
			],
			"id": "14da7eaf-8b76-4c82-b56a-caf1f5da3b79"
		}
	],
	"event": [
		{
			"listen": "prerequest",
			"script": {
				"id": "e29f6427-52a7-4ee9-a689-ffd3b5641b6d",
				"type": "text/javascript",
				"exec": [
					""
				]
			}
		},
		{
			"listen": "test",
			"script": {
				"id": "a63b24ee-600f-4a07-abea-479bad1464ad",
				"type": "text/javascript",
				"exec": [
					""
				]
			}
		}
	],
	"variable": [
		{
			"id": "a5cefbed-079b-46eb-b5ce-a12adf39522b",
			"key": "baseUrl",
			"value": "https://cusports.com",
			"type": "string"
		}
	]
}