{
	"info": {
		"_postman_id": "5f9f0f18-e5dd-4d51-8b24-8c990b0fe0ee",
		"name": "cart-collection-v05",
		"description": "Stores cart data for each user",
		"schema": "https://schema.getpostman.com/json/collection/v2.1.0/collection.json",
		"_uid": "23564882-5f9f0f18-e5dd-4d51-8b24-8c990b0fe0ee"
	},
	"item": [
		{
			"name": "cart",
			"item": [
				{
					"name": "{user Id}",
					"item": [
						{
							"name": "Returns all items in the cart",
							"id": "49fc5783-eb24-4dd9-951c-b7722a0e7f8f",
							"protocolProfileBehavior": {
								"disableBodyPruning": true
							},
							"request": {
								"method": "GET",
								"header": [
									{
										"key": "Accept",
										"value": "application/json"
									}
								],
								"url": {
									"raw": "{{baseUrl}}/cart/:userId",
									"host": [
										"{{baseUrl}}"
									],
									"path": [
										"cart",
										":userId"
									],
									"variable": [
										{
											"key": "userId",
											"value": "sunt minim mollit",
											"description": "(Required) The unique identifier of the cart"
										}
									]
								}
							},
							"response": [
								{
									"id": "93ce544b-ad24-47af-8eb9-5c1ba39d0381",
									"name": "The items corresponding to the provided `userId`",
									"originalRequest": {
										"method": "GET",
										"header": [],
										"url": {
											"raw": "{{baseUrl}}/cart/:userId",
											"host": [
												"{{baseUrl}}"
											],
											"path": [
												"cart",
												":userId"
											],
											"variable": [
												{
													"key": "userId",
													"value": "sunt minim mollit",
													"description": "(Required) The unique identifier of the cart"
												}
											]
										}
									},
									"status": "OK",
									"code": 200,
									"_postman_previewlanguage": "json",
									"header": [
										{
											"key": "Content-Type",
											"value": "application/json"
										}
									],
									"cookie": [],
									"body": "{\n  \"userId\": \"<string>\",\n  \"cartSize\": \"<integer>\",\n  \"cartAge\": \"<integer>\",\n  \"itemRep\": \"<object>\",\n  \"subtotal\": \"<number>\"\n}"
								},
								{
									"id": "13ff9386-3eee-4c32-a784-5d55503f993e",
									"name": "No cart found for the provided `userId`",
									"originalRequest": {
										"method": "GET",
										"header": [],
										"url": {
											"raw": "{{baseUrl}}/cart/:userId",
											"host": [
												"{{baseUrl}}"
											],
											"path": [
												"cart",
												":userId"
											],
											"variable": [
												{
													"key": "userId",
													"value": "sunt minim mollit",
													"description": "(Required) The unique identifier of the cart"
												}
											]
										}
									},
									"status": "Not Found",
									"code": 404,
									"_postman_previewlanguage": "json",
									"header": [
										{
											"key": "Content-Type",
											"value": "application/json"
										}
									],
									"cookie": [],
									"body": "{\n  \"errorMsg\": \"<string>\"\n}"
								},
								{
									"id": "8ba97eda-0d44-4437-9003-8ac40d14c6e3",
									"name": "Unexpected error",
									"originalRequest": {
										"method": "GET",
										"header": [],
										"url": {
											"raw": "{{baseUrl}}/cart/:userId",
											"host": [
												"{{baseUrl}}"
											],
											"path": [
												"cart",
												":userId"
											],
											"variable": [
												{
													"key": "userId",
													"value": "sunt minim mollit",
													"description": "(Required) The unique identifier of the cart"
												}
											]
										}
									},
									"status": "Internal Server Error",
									"code": 500,
									"_postman_previewlanguage": "json",
									"header": [
										{
											"key": "Content-Type",
											"value": "application/json"
										}
									],
									"cookie": [],
									"body": "{\n  \"errorMsg\": \"<string>\"\n}"
								}
							]
						},
						{
							"name": "add an item to the cart",
							"id": "238243bb-edcc-4178-b23f-6844372e74d8",
							"protocolProfileBehavior": {
								"disableBodyPruning": true
							},
							"request": {
								"method": "POST",
								"header": [
									{
										"key": "Accept",
										"value": "application/json"
									}
								],
								"url": {
									"raw": "{{baseUrl}}/cart/:userId",
									"host": [
										"{{baseUrl}}"
									],
									"path": [
										"cart",
										":userId"
									],
									"variable": [
										{
											"key": "userId",
											"value": "sunt minim mollit",
											"description": "(Required) The unique identifier of the cart"
										}
									]
								}
							},
							"response": [
								{
									"id": "f78fdb9f-b6c4-456a-9a9f-d90db94e0061",
									"name": "adds item to the cart with specified userId",
									"originalRequest": {
										"method": "POST",
										"header": [],
										"url": {
											"raw": "{{baseUrl}}/cart/:userId",
											"host": [
												"{{baseUrl}}"
											],
											"path": [
												"cart",
												":userId"
											],
											"variable": [
												{
													"key": "userId",
													"value": "sunt minim mollit",
													"description": "(Required) The unique identifier of the cart"
												}
											]
										}
									},
									"status": "OK",
									"code": 200,
									"_postman_previewlanguage": "text",
									"header": [
										{
											"key": "Content-Type",
											"value": "text/plain"
										}
									],
									"cookie": [],
									"body": ""
								},
								{
									"id": "503baf72-3fc1-4954-9828-366c010d4fa9",
									"name": "No item found for specified userId",
									"originalRequest": {
										"method": "POST",
										"header": [],
										"url": {
											"raw": "{{baseUrl}}/cart/:userId",
											"host": [
												"{{baseUrl}}"
											],
											"path": [
												"cart",
												":userId"
											],
											"variable": [
												{
													"key": "userId",
													"value": "sunt minim mollit",
													"description": "(Required) The unique identifier of the cart"
												}
											]
										}
									},
									"status": "Not Found",
									"code": 404,
									"_postman_previewlanguage": "json",
									"header": [
										{
											"key": "Content-Type",
											"value": "application/json"
										}
									],
									"cookie": [],
									"body": "{\n  \"errorMsg\": \"<string>\"\n}"
								},
								{
									"id": "1abc7a80-6c0b-4b99-abe4-e13f52bdf674",
									"name": "internal server error",
									"originalRequest": {
										"method": "POST",
										"header": [],
										"url": {
											"raw": "{{baseUrl}}/cart/:userId",
											"host": [
												"{{baseUrl}}"
											],
											"path": [
												"cart",
												":userId"
											],
											"variable": [
												{
													"key": "userId",
													"value": "sunt minim mollit",
													"description": "(Required) The unique identifier of the cart"
												}
											]
										}
									},
									"status": "Internal Server Error",
									"code": 500,
									"_postman_previewlanguage": "json",
									"header": [
										{
											"key": "Content-Type",
											"value": "application/json"
										}
									],
									"cookie": [],
									"body": "{\n  \"errorMsg\": \"<string>\"\n}"
								}
							]
						},
						{
							"name": "removes an item from the cart",
							"id": "d658613a-e05f-4f12-98ce-e9590c45256d",
							"protocolProfileBehavior": {
								"disableBodyPruning": true
							},
							"request": {
								"method": "DELETE",
								"header": [
									{
										"key": "Accept",
										"value": "application/json"
									}
								],
								"url": {
									"raw": "{{baseUrl}}/cart/:userId",
									"host": [
										"{{baseUrl}}"
									],
									"path": [
										"cart",
										":userId"
									],
									"variable": [
										{
											"key": "userId",
											"value": "sunt minim mollit",
											"description": "(Required) The unique identifier of the cart"
										}
									]
								}
							},
							"response": [
								{
									"id": "78b07bf7-3037-468f-987a-b556c9c8919f",
									"name": "successfully removed an item from the cart",
									"originalRequest": {
										"method": "DELETE",
										"header": [],
										"url": {
											"raw": "{{baseUrl}}/cart/:userId",
											"host": [
												"{{baseUrl}}"
											],
											"path": [
												"cart",
												":userId"
											],
											"variable": [
												{
													"key": "userId",
													"value": "sunt minim mollit",
													"description": "(Required) The unique identifier of the cart"
												}
											]
										}
									},
									"status": "OK",
									"code": 200,
									"_postman_previewlanguage": "text",
									"header": [
										{
											"key": "Content-Type",
											"value": "text/plain"
										}
									],
									"cookie": [],
									"body": ""
								},
								{
									"id": "9995a8da-fad9-447c-afa3-f2fa2e03bad1",
									"name": "No item found for given userId",
									"originalRequest": {
										"method": "DELETE",
										"header": [],
										"url": {
											"raw": "{{baseUrl}}/cart/:userId",
											"host": [
												"{{baseUrl}}"
											],
											"path": [
												"cart",
												":userId"
											],
											"variable": [
												{
													"key": "userId",
													"value": "sunt minim mollit",
													"description": "(Required) The unique identifier of the cart"
												}
											]
										}
									},
									"status": "Not Found",
									"code": 404,
									"_postman_previewlanguage": "json",
									"header": [
										{
											"key": "Content-Type",
											"value": "application/json"
										}
									],
									"cookie": [],
									"body": "{\n  \"errorMsg\": \"<string>\"\n}"
								},
								{
									"id": "0c75e0b4-5836-4dfc-9179-e9ea3d25a2ca",
									"name": "internal server error",
									"originalRequest": {
										"method": "DELETE",
										"header": [],
										"url": {
											"raw": "{{baseUrl}}/cart/:userId",
											"host": [
												"{{baseUrl}}"
											],
											"path": [
												"cart",
												":userId"
											],
											"variable": [
												{
													"key": "userId",
													"value": "sunt minim mollit",
													"description": "(Required) The unique identifier of the cart"
												}
											]
										}
									},
									"status": "Internal Server Error",
									"code": 500,
									"_postman_previewlanguage": "json",
									"header": [
										{
											"key": "Content-Type",
											"value": "application/json"
										}
									],
									"cookie": [],
									"body": "{\n  \"errorMsg\": \"<string>\"\n}"
								}
							]
						},
						{
							"name": "gets subtotal for the cart",
							"id": "aa4d5756-d946-4762-86a4-f30c9e0cbc11",
							"protocolProfileBehavior": {
								"disableBodyPruning": true
							},
							"request": {
								"method": "GET",
								"header": [
									{
										"key": "Accept",
										"value": "application/json"
									}
								],
								"url": {
									"raw": "{{baseUrl}}/cart/:userId/subtotal",
									"host": [
										"{{baseUrl}}"
									],
									"path": [
										"cart",
										":userId",
										"subtotal"
									],
									"variable": [
										{
											"key": "userId",
											"value": "sunt minim mollit",
											"description": "(Required) The unique identifier of the cart"
										}
									]
								}
							},
							"response": [
								{
									"id": "09052476-57e8-450c-981d-f264fc486485",
									"name": "Successfully obtained cart subtotal",
									"originalRequest": {
										"method": "GET",
										"header": [],
										"url": {
											"raw": "{{baseUrl}}/cart/:userId/subtotal",
											"host": [
												"{{baseUrl}}"
											],
											"path": [
												"cart",
												":userId",
												"subtotal"
											],
											"variable": [
												{
													"key": "userId",
													"value": "sunt minim mollit",
													"description": "(Required) The unique identifier of the cart"
												}
											]
										}
									},
									"status": "OK",
									"code": 200,
									"_postman_previewlanguage": "json",
									"header": [
										{
											"key": "Content-Type",
											"value": "application/json"
										}
									],
									"cookie": [],
									"body": "{\n  \"userId\": \"<string>\",\n  \"cartSize\": \"<integer>\",\n  \"cartAge\": \"<integer>\",\n  \"itemRep\": \"<object>\",\n  \"subtotal\": \"<number>\"\n}"
								},
								{
									"id": "bf404237-e640-4f9a-b93e-642f5e6a8fda",
									"name": "No subtotal found for given userId",
									"originalRequest": {
										"method": "GET",
										"header": [],
										"url": {
											"raw": "{{baseUrl}}/cart/:userId/subtotal",
											"host": [
												"{{baseUrl}}"
											],
											"path": [
												"cart",
												":userId",
												"subtotal"
											],
											"variable": [
												{
													"key": "userId",
													"value": "sunt minim mollit",
													"description": "(Required) The unique identifier of the cart"
												}
											]
										}
									},
									"status": "Not Found",
									"code": 404,
									"_postman_previewlanguage": "json",
									"header": [
										{
											"key": "Content-Type",
											"value": "application/json"
										}
									],
									"cookie": [],
									"body": "{\n  \"errorMsg\": \"<string>\"\n}"
								},
								{
									"id": "c2b23153-dd16-4ba4-a6de-cb30f21f337c",
									"name": "Unexpected error",
									"originalRequest": {
										"method": "GET",
										"header": [],
										"url": {
											"raw": "{{baseUrl}}/cart/:userId/subtotal",
											"host": [
												"{{baseUrl}}"
											],
											"path": [
												"cart",
												":userId",
												"subtotal"
											],
											"variable": [
												{
													"key": "userId",
													"value": "sunt minim mollit",
													"description": "(Required) The unique identifier of the cart"
												}
											]
										}
									},
									"status": "Internal Server Error",
									"code": 500,
									"_postman_previewlanguage": "json",
									"header": [
										{
											"key": "Content-Type",
											"value": "application/json"
										}
									],
									"cookie": [],
									"body": "{\n  \"errorMsg\": \"<string>\"\n}"
								}
							]
						},
						{
							"name": "removes all items from the cart",
							"id": "3488b366-1ab8-4fc9-93df-103af76f61b8",
							"protocolProfileBehavior": {
								"disableBodyPruning": true
							},
							"request": {
								"method": "DELETE",
								"header": [
									{
										"key": "Accept",
										"value": "application/json"
									}
								],
								"url": {
									"raw": "{{baseUrl}}/cart/:userId/removeAll",
									"host": [
										"{{baseUrl}}"
									],
									"path": [
										"cart",
										":userId",
										"removeAll"
									],
									"variable": [
										{
											"key": "userId",
											"value": "sunt minim mollit",
											"description": "(Required) The unique identifier of the user"
										}
									]
								}
							},
							"response": [
								{
									"id": "c99676ae-2048-4642-aee8-d64266e3e132",
									"name": "Removes all items from cart successfully",
									"originalRequest": {
										"method": "DELETE",
										"header": [],
										"url": {
											"raw": "{{baseUrl}}/cart/:userId/removeAll",
											"host": [
												"{{baseUrl}}"
											],
											"path": [
												"cart",
												":userId",
												"removeAll"
											],
											"variable": [
												{
													"key": "userId",
													"value": "sunt minim mollit",
													"description": "(Required) The unique identifier of the user"
												}
											]
										}
									},
									"status": "OK",
									"code": 200,
									"_postman_previewlanguage": "text",
									"header": [
										{
											"key": "Content-Type",
											"value": "text/plain"
										}
									],
									"cookie": [],
									"body": ""
								},
								{
									"id": "d172e259-5fd9-46f2-95a3-995c2babb7a9",
									"name": "Nothing in cart to delete",
									"originalRequest": {
										"method": "DELETE",
										"header": [],
										"url": {
											"raw": "{{baseUrl}}/cart/:userId/removeAll",
											"host": [
												"{{baseUrl}}"
											],
											"path": [
												"cart",
												":userId",
												"removeAll"
											],
											"variable": [
												{
													"key": "userId",
													"value": "sunt minim mollit",
													"description": "(Required) The unique identifier of the user"
												}
											]
										}
									},
									"status": "Not Found",
									"code": 404,
									"_postman_previewlanguage": "json",
									"header": [
										{
											"key": "Content-Type",
											"value": "application/json"
										}
									],
									"cookie": [],
									"body": "{\n  \"errorMsg\": \"<string>\"\n}"
								},
								{
									"id": "893b14eb-afc5-4c33-a831-9e05592840ff",
									"name": "Unexpected error",
									"originalRequest": {
										"method": "DELETE",
										"header": [],
										"url": {
											"raw": "{{baseUrl}}/cart/:userId/removeAll",
											"host": [
												"{{baseUrl}}"
											],
											"path": [
												"cart",
												":userId",
												"removeAll"
											],
											"variable": [
												{
													"key": "userId",
													"value": "sunt minim mollit",
													"description": "(Required) The unique identifier of the user"
												}
											]
										}
									},
									"status": "Internal Server Error",
									"code": 500,
									"_postman_previewlanguage": "json",
									"header": [
										{
											"key": "Content-Type",
											"value": "application/json"
										}
									],
									"cookie": [],
									"body": "{\n  \"errorMsg\": \"<string>\"\n}"
								}
							]
						},
						{
							"name": "Get Item information",
							"id": "8df15d39-d585-4126-80b0-2c3f7feef52e",
							"protocolProfileBehavior": {
								"disableBodyPruning": true
							},
							"request": {
								"method": "GET",
								"header": [
									{
										"key": "Accept",
										"value": "application/json"
									}
								],
								"url": {
									"raw": "{{baseUrl}}/cart/:userId/:itemId",
									"host": [
										"{{baseUrl}}"
									],
									"path": [
										"cart",
										":userId",
										":itemId"
									],
									"variable": [
										{
											"key": "userId",
											"value": "sunt minim mollit",
											"description": "(Required) The unique identifier of the user"
										},
										{
											"key": "itemId",
											"value": "sunt minim mollit",
											"description": "(Required) The unique identifier of the item"
										}
									]
								}
							},
							"response": [
								{
									"id": "06208731-f364-447d-8d53-c08ba190f59d",
									"name": "The item corresponding to the provided 'itemId'",
									"originalRequest": {
										"method": "GET",
										"header": [],
										"url": {
											"raw": "{{baseUrl}}/cart/:userId/:itemId",
											"host": [
												"{{baseUrl}}"
											],
											"path": [
												"cart",
												":userId",
												":itemId"
											],
											"variable": [
												{
													"key": "userId",
													"value": "sunt minim mollit",
													"description": "(Required) The unique identifier of the user"
												},
												{
													"key": "itemId",
													"value": "sunt minim mollit",
													"description": "(Required) The unique identifier of the item"
												}
											]
										}
									},
									"status": "OK",
									"code": 200,
									"_postman_previewlanguage": "json",
									"header": [
										{
											"key": "Content-Type",
											"value": "application/json"
										}
									],
									"cookie": [],
									"body": "{\n  \"userId\": \"<string>\",\n  \"cartSize\": \"<integer>\",\n  \"cartAge\": \"<integer>\",\n  \"itemRep\": \"<object>\",\n  \"subtotal\": \"<number>\"\n}"
								},
								{
									"id": "9c2f1f15-fbb6-4cc4-b770-da110bc8f526",
									"name": "No item found for the provided 'itemId'",
									"originalRequest": {
										"method": "GET",
										"header": [],
										"url": {
											"raw": "{{baseUrl}}/cart/:userId/:itemId",
											"host": [
												"{{baseUrl}}"
											],
											"path": [
												"cart",
												":userId",
												":itemId"
											],
											"variable": [
												{
													"key": "userId",
													"value": "sunt minim mollit",
													"description": "(Required) The unique identifier of the user"
												},
												{
													"key": "itemId",
													"value": "sunt minim mollit",
													"description": "(Required) The unique identifier of the item"
												}
											]
										}
									},
									"status": "Not Found",
									"code": 404,
									"_postman_previewlanguage": "json",
									"header": [
										{
											"key": "Content-Type",
											"value": "application/json"
										}
									],
									"cookie": [],
									"body": "{\n  \"errorMsg\": \"<string>\"\n}"
								},
								{
									"id": "d8d9b948-98e2-4fbe-a560-ba96bf0dbb54",
									"name": "internal server error",
									"originalRequest": {
										"method": "GET",
										"header": [],
										"url": {
											"raw": "{{baseUrl}}/cart/:userId/:itemId",
											"host": [
												"{{baseUrl}}"
											],
											"path": [
												"cart",
												":userId",
												":itemId"
											],
											"variable": [
												{
													"key": "userId",
													"value": "sunt minim mollit",
													"description": "(Required) The unique identifier of the user"
												},
												{
													"key": "itemId",
													"value": "sunt minim mollit",
													"description": "(Required) The unique identifier of the item"
												}
											]
										}
									},
									"status": "Internal Server Error",
									"code": 500,
									"_postman_previewlanguage": "json",
									"header": [
										{
											"key": "Content-Type",
											"value": "application/json"
										}
									],
									"cookie": [],
									"body": "{\n  \"errorMsg\": \"<string>\"\n}"
								}
							]
						}
					],
					"id": "952546b7-3655-4655-834d-ad10fd9a0aac"
				},
				{
					"name": "Retrieve list of all carts",
					"id": "cc2ab0b5-5413-4003-a66d-b318f9cd7915",
					"protocolProfileBehavior": {
						"disableBodyPruning": true
					},
					"request": {
						"method": "GET",
						"header": [
							{
								"key": "Accept",
								"value": "application/json"
							}
						],
						"url": {
							"raw": "{{baseUrl}}/cart?timeAfter=-27105601",
							"host": [
								"{{baseUrl}}"
							],
							"path": [
								"cart"
							],
							"query": [
								{
									"key": "timeAfter",
									"value": "-27105601",
									"description": "Return carts that are inactive for {timeAfter} or longer (days)"
								}
							]
						}
					},
					"response": [
						{
							"id": "3b0516a5-9505-40ab-9100-f21d90176540",
							"name": "Successfully returned a list of cartIDs and their age.",
							"originalRequest": {
								"method": "GET",
								"header": [],
								"url": {
									"raw": "{{baseUrl}}/cart?timeAfter=<integer>",
									"host": [
										"{{baseUrl}}"
									],
									"path": [
										"cart"
									],
									"query": [
										{
											"key": "timeAfter",
											"value": "<integer>"
										}
									]
								}
							},
							"status": "OK",
							"code": 200,
							"_postman_previewlanguage": "json",
							"header": [
								{
									"key": "Content-Type",
									"value": "application/json"
								}
							],
							"cookie": [],
							"body": "[\n  {\n    \"userId\": \"<string>\",\n    \"cartAge\": \"<integer>\"\n  },\n  {\n    \"userId\": \"<string>\",\n    \"cartAge\": \"<integer>\"\n  }\n]"
						},
						{
							"id": "a33f42de-6a1c-41c2-853f-570a2dd92c96",
							"name": "No carts found",
							"originalRequest": {
								"method": "GET",
								"header": [],
								"url": {
									"raw": "{{baseUrl}}/cart?timeAfter=<integer>",
									"host": [
										"{{baseUrl}}"
									],
									"path": [
										"cart"
									],
									"query": [
										{
											"key": "timeAfter",
											"value": "<integer>"
										}
									]
								}
							},
							"status": "Not Found",
							"code": 404,
							"_postman_previewlanguage": "json",
							"header": [
								{
									"key": "Content-Type",
									"value": "application/json"
								}
							],
							"cookie": [],
							"body": "{\n  \"errorMsg\": \"<string>\"\n}"
						},
						{
							"id": "a0ba3a65-d62b-4a46-af30-59ccec2edec4",
							"name": "Unexpected error",
							"originalRequest": {
								"method": "GET",
								"header": [],
								"url": {
									"raw": "{{baseUrl}}/cart?timeAfter=<integer>",
									"host": [
										"{{baseUrl}}"
									],
									"path": [
										"cart"
									],
									"query": [
										{
											"key": "timeAfter",
											"value": "<integer>"
										}
									]
								}
							},
							"status": "Internal Server Error",
							"code": 500,
							"_postman_previewlanguage": "json",
							"header": [
								{
									"key": "Content-Type",
									"value": "application/json"
								}
							],
							"cookie": [],
							"body": "{\n  \"errorMsg\": \"<string>\"\n}"
						}
					]
				},
				{
					"name": "/cart",
					"id": "be6d8666-2a7e-4195-85e6-4f7110c0cca1",
					"protocolProfileBehavior": {
						"disableBodyPruning": true
					},
					"request": {
						"method": "POST",
						"header": [
							{
								"key": "Content-Type",
								"value": "application/json"
							},
							{
								"key": "Accept",
								"value": "application/json"
							}
						],
						"body": {
							"mode": "raw",
							"raw": "{\n  \"userId\": \"<string>\",\n  \"cartAge\": \"<integer>\"\n}",
							"options": {
								"raw": {
									"language": "json"
								}
							}
						},
						"url": {
							"raw": "{{baseUrl}}/cart",
							"host": [
								"{{baseUrl}}"
							],
							"path": [
								"cart"
							]
						},
						"description": "Create a new cart for a user"
					},
					"response": [
						{
							"id": "4a1acc44-538d-4671-8bbb-5cced70023f5",
							"name": "Successfully created a cart with ID userId",
							"originalRequest": {
								"method": "POST",
								"header": [],
								"body": {
									"mode": "raw",
									"raw": "{\n  \"userId\": \"<string>\",\n  \"cartAge\": \"<integer>\"\n}",
									"options": {
										"raw": {
											"language": "json"
										}
									}
								},
								"url": {
									"raw": "{{baseUrl}}/cart",
									"host": [
										"{{baseUrl}}"
									],
									"path": [
										"cart"
									]
								}
							},
							"status": "OK",
							"code": 200,
							"_postman_previewlanguage": "json",
							"header": [
								{
									"key": "Content-Type",
									"value": "application/json"
								}
							],
							"cookie": [],
							"body": "{\n  \"userId\": \"<string>\",\n  \"cartAge\": \"<integer>\"\n}"
						}
					]
				}
			],
			"id": "e0a6a6ac-d306-44ec-a46b-94dcdd1ee717"
		}
	],
	"variable": [
		{
			"id": "14f4fd0d-071e-4e05-954e-6108c2b8d41e",
			"key": "baseUrl",
			"value": "https://cusports.com",
			"type": "string"
		}
	]
}