{
	"info": {
		"_postman_id": "4fdf0e1a-7f88-44fd-b938-187e221e9128",
		"name": "cart-collection-v03",
		"description": "Stores cart data for each user",
		"schema": "https://schema.getpostman.com/json/collection/v2.1.0/collection.json",
		"_uid": "23564882-4fdf0e1a-7f88-44fd-b938-187e221e9128"
	},
	"item": [
		{
			"name": "cart",
			"item": [
				{
					"name": "{user Id}",
					"item": [
						{
							"name": "Returns all items in the cart",
							"id": "3267b55a-d1b0-45dd-ad69-a8eb53597371",
							"protocolProfileBehavior": {
								"disableBodyPruning": true
							},
							"request": {
								"method": "GET",
								"header": [
									{
										"key": "Accept",
										"value": "application/json"
									}
								],
								"url": {
									"raw": "{{baseUrl}}/cart/:userId",
									"host": [
										"{{baseUrl}}"
									],
									"path": [
										"cart",
										":userId"
									],
									"variable": [
										{
											"key": "userId",
											"value": "<string>",
											"description": "(Required) The unique identifier of the cart"
										}
									]
								}
							},
							"response": [
								{
									"id": "5631d1b8-4d1c-4c7b-bf03-5170a1adefc3",
									"name": "The items corresponding to the provided `userId`",
									"originalRequest": {
										"method": "GET",
										"header": [],
										"url": {
											"raw": "{{baseUrl}}/cart/:userId",
											"host": [
												"{{baseUrl}}"
											],
											"path": [
												"cart",
												":userId"
											],
											"variable": [
												{
													"key": "userId",
													"value": "<string>",
													"description": "(Required) The unique identifier of the cart"
												}
											]
										}
									},
									"status": "OK",
									"code": 200,
									"_postman_previewlanguage": "json",
									"header": [
										{
											"key": "Content-Type",
											"value": "application/json"
										}
									],
									"cookie": [],
									"body": "{\n  \"userId\": \"<string>\",\n  \"cartSize\": \"<integer>\",\n  \"cartAge\": \"<integer>\",\n  \"itemRep\": \"<object>\",\n  \"subtotal\": \"<number>\"\n}"
								},
								{
									"id": "b90710cd-d89b-4ebe-a1ad-b5d3a811d049",
									"name": "No cart found for the provided `userId`",
									"originalRequest": {
										"method": "GET",
										"header": [],
										"url": {
											"raw": "{{baseUrl}}/cart/:userId",
											"host": [
												"{{baseUrl}}"
											],
											"path": [
												"cart",
												":userId"
											],
											"variable": [
												{
													"key": "userId",
													"value": "<string>",
													"description": "(Required) The unique identifier of the cart"
												}
											]
										}
									},
									"status": "Not Found",
									"code": 404,
									"_postman_previewlanguage": "json",
									"header": [
										{
											"key": "Content-Type",
											"value": "application/json"
										}
									],
									"cookie": [],
									"body": "{\n  \"errorMsg\": \"<string>\"\n}"
								},
								{
									"id": "7609ede0-fe3b-4fa5-82b0-28a188246b26",
									"name": "Unexpected error",
									"originalRequest": {
										"method": "GET",
										"header": [],
										"url": {
											"raw": "{{baseUrl}}/cart/:userId",
											"host": [
												"{{baseUrl}}"
											],
											"path": [
												"cart",
												":userId"
											],
											"variable": [
												{
													"key": "userId",
													"value": "<string>",
													"description": "(Required) The unique identifier of the cart"
												}
											]
										}
									},
									"status": "Internal Server Error",
									"code": 500,
									"_postman_previewlanguage": "json",
									"header": [
										{
											"key": "Content-Type",
											"value": "application/json"
										}
									],
									"cookie": [],
									"body": "{\n  \"errorMsg\": \"<string>\"\n}"
								}
							]
						},
						{
							"name": "add an item to the cart",
							"id": "b8b6984b-0060-4b16-852c-5105555a479c",
							"protocolProfileBehavior": {
								"disableBodyPruning": true
							},
							"request": {
								"method": "POST",
								"header": [
									{
										"key": "Accept",
										"value": "application/json"
									}
								],
								"url": {
									"raw": "{{baseUrl}}/cart/:userId",
									"host": [
										"{{baseUrl}}"
									],
									"path": [
										"cart",
										":userId"
									],
									"variable": [
										{
											"key": "userId",
											"value": "<string>",
											"description": "(Required) The unique identifier of the cart"
										}
									]
								}
							},
							"response": [
								{
									"id": "e92729f5-d0d9-4d01-93c8-05e960e4a0c8",
									"name": "adds item to the cart with specified userId",
									"originalRequest": {
										"method": "POST",
										"header": [],
										"url": {
											"raw": "{{baseUrl}}/cart/:userId",
											"host": [
												"{{baseUrl}}"
											],
											"path": [
												"cart",
												":userId"
											],
											"variable": [
												{
													"key": "userId",
													"value": "<string>",
													"description": "(Required) The unique identifier of the cart"
												}
											]
										}
									},
									"status": "OK",
									"code": 200,
									"_postman_previewlanguage": "text",
									"header": [
										{
											"key": "Content-Type",
											"value": "text/plain"
										}
									],
									"cookie": [],
									"body": ""
								},
								{
									"id": "85ee75e1-7d88-4946-9e6d-7bdf09f53229",
									"name": "No item found for specified userId",
									"originalRequest": {
										"method": "POST",
										"header": [],
										"url": {
											"raw": "{{baseUrl}}/cart/:userId",
											"host": [
												"{{baseUrl}}"
											],
											"path": [
												"cart",
												":userId"
											],
											"variable": [
												{
													"key": "userId",
													"value": "<string>",
													"description": "(Required) The unique identifier of the cart"
												}
											]
										}
									},
									"status": "Not Found",
									"code": 404,
									"_postman_previewlanguage": "json",
									"header": [
										{
											"key": "Content-Type",
											"value": "application/json"
										}
									],
									"cookie": [],
									"body": "{\n  \"errorMsg\": \"<string>\"\n}"
								},
								{
									"id": "759d2192-c229-4e3a-a640-9f1ddf74ff99",
									"name": "internal server error",
									"originalRequest": {
										"method": "POST",
										"header": [],
										"url": {
											"raw": "{{baseUrl}}/cart/:userId",
											"host": [
												"{{baseUrl}}"
											],
											"path": [
												"cart",
												":userId"
											],
											"variable": [
												{
													"key": "userId",
													"value": "<string>",
													"description": "(Required) The unique identifier of the cart"
												}
											]
										}
									},
									"status": "Internal Server Error",
									"code": 500,
									"_postman_previewlanguage": "json",
									"header": [
										{
											"key": "Content-Type",
											"value": "application/json"
										}
									],
									"cookie": [],
									"body": "{\n  \"errorMsg\": \"<string>\"\n}"
								}
							]
						},
						{
							"name": "removes an item from the cart",
							"id": "c0994e65-0b10-42ce-ab73-6d897e6d9b1e",
							"protocolProfileBehavior": {
								"disableBodyPruning": true
							},
							"request": {
								"method": "DELETE",
								"header": [
									{
										"key": "Accept",
										"value": "application/json"
									}
								],
								"url": {
									"raw": "{{baseUrl}}/cart/:userId",
									"host": [
										"{{baseUrl}}"
									],
									"path": [
										"cart",
										":userId"
									],
									"variable": [
										{
											"key": "userId",
											"value": "<string>",
											"description": "(Required) The unique identifier of the cart"
										}
									]
								}
							},
							"response": [
								{
									"id": "5edf67eb-bc21-4d81-935a-41a153256ecd",
									"name": "successfully removed an item from the cart",
									"originalRequest": {
										"method": "DELETE",
										"header": [],
										"url": {
											"raw": "{{baseUrl}}/cart/:userId",
											"host": [
												"{{baseUrl}}"
											],
											"path": [
												"cart",
												":userId"
											],
											"variable": [
												{
													"key": "userId",
													"value": "<string>",
													"description": "(Required) The unique identifier of the cart"
												}
											]
										}
									},
									"status": "OK",
									"code": 200,
									"_postman_previewlanguage": "text",
									"header": [
										{
											"key": "Content-Type",
											"value": "text/plain"
										}
									],
									"cookie": [],
									"body": ""
								},
								{
									"id": "8dde3fbc-40d0-4b00-8ebc-c894f2c38db5",
									"name": "No item found for given userId",
									"originalRequest": {
										"method": "DELETE",
										"header": [],
										"url": {
											"raw": "{{baseUrl}}/cart/:userId",
											"host": [
												"{{baseUrl}}"
											],
											"path": [
												"cart",
												":userId"
											],
											"variable": [
												{
													"key": "userId",
													"value": "<string>",
													"description": "(Required) The unique identifier of the cart"
												}
											]
										}
									},
									"status": "Not Found",
									"code": 404,
									"_postman_previewlanguage": "json",
									"header": [
										{
											"key": "Content-Type",
											"value": "application/json"
										}
									],
									"cookie": [],
									"body": "{\n  \"errorMsg\": \"<string>\"\n}"
								},
								{
									"id": "8b2b8cbd-e82f-4502-ae6f-ac10b7d1074f",
									"name": "internal server error",
									"originalRequest": {
										"method": "DELETE",
										"header": [],
										"url": {
											"raw": "{{baseUrl}}/cart/:userId",
											"host": [
												"{{baseUrl}}"
											],
											"path": [
												"cart",
												":userId"
											],
											"variable": [
												{
													"key": "userId",
													"value": "<string>",
													"description": "(Required) The unique identifier of the cart"
												}
											]
										}
									},
									"status": "Internal Server Error",
									"code": 500,
									"_postman_previewlanguage": "json",
									"header": [
										{
											"key": "Content-Type",
											"value": "application/json"
										}
									],
									"cookie": [],
									"body": "{\n  \"errorMsg\": \"<string>\"\n}"
								}
							]
						},
						{
							"name": "gets subtotal for the cart",
							"id": "b3d5df90-09e7-4d9b-a5e5-03c5926d5b83",
							"protocolProfileBehavior": {
								"disableBodyPruning": true
							},
							"request": {
								"method": "GET",
								"header": [
									{
										"key": "Accept",
										"value": "application/json"
									}
								],
								"url": {
									"raw": "{{baseUrl}}/cart/:userId/subtotal",
									"host": [
										"{{baseUrl}}"
									],
									"path": [
										"cart",
										":userId",
										"subtotal"
									],
									"variable": [
										{
											"key": "userId",
											"value": "<string>",
											"description": "(Required) The unique identifier of the cart"
										}
									]
								}
							},
							"response": [
								{
									"id": "7aecdffc-db86-444d-b95f-51400a0ecd1d",
									"name": "Successfully obtained cart subtotal",
									"originalRequest": {
										"method": "GET",
										"header": [],
										"url": {
											"raw": "{{baseUrl}}/cart/:userId/subtotal",
											"host": [
												"{{baseUrl}}"
											],
											"path": [
												"cart",
												":userId",
												"subtotal"
											],
											"variable": [
												{
													"key": "userId",
													"value": "<string>",
													"description": "(Required) The unique identifier of the cart"
												}
											]
										}
									},
									"status": "OK",
									"code": 200,
									"_postman_previewlanguage": "json",
									"header": [
										{
											"key": "Content-Type",
											"value": "application/json"
										}
									],
									"cookie": [],
									"body": "{\n  \"userId\": \"<string>\",\n  \"cartSize\": \"<integer>\",\n  \"cartAge\": \"<integer>\",\n  \"itemRep\": \"<object>\",\n  \"subtotal\": \"<number>\"\n}"
								},
								{
									"id": "a0380c28-bafe-4a2f-8634-d828dc4fc42b",
									"name": "No subtotal found for given userId",
									"originalRequest": {
										"method": "GET",
										"header": [],
										"url": {
											"raw": "{{baseUrl}}/cart/:userId/subtotal",
											"host": [
												"{{baseUrl}}"
											],
											"path": [
												"cart",
												":userId",
												"subtotal"
											],
											"variable": [
												{
													"key": "userId",
													"value": "<string>",
													"description": "(Required) The unique identifier of the cart"
												}
											]
										}
									},
									"status": "Not Found",
									"code": 404,
									"_postman_previewlanguage": "json",
									"header": [
										{
											"key": "Content-Type",
											"value": "application/json"
										}
									],
									"cookie": [],
									"body": "{\n  \"errorMsg\": \"<string>\"\n}"
								},
								{
									"id": "01cc4b88-36eb-41eb-b20f-eb9c127893de",
									"name": "Unexpected error",
									"originalRequest": {
										"method": "GET",
										"header": [],
										"url": {
											"raw": "{{baseUrl}}/cart/:userId/subtotal",
											"host": [
												"{{baseUrl}}"
											],
											"path": [
												"cart",
												":userId",
												"subtotal"
											],
											"variable": [
												{
													"key": "userId",
													"value": "<string>",
													"description": "(Required) The unique identifier of the cart"
												}
											]
										}
									},
									"status": "Internal Server Error",
									"code": 500,
									"_postman_previewlanguage": "json",
									"header": [
										{
											"key": "Content-Type",
											"value": "application/json"
										}
									],
									"cookie": [],
									"body": "{\n  \"errorMsg\": \"<string>\"\n}"
								}
							]
						},
						{
							"name": "removes all items from the cart",
							"id": "499aa741-0c91-4dbb-9739-f07b8a348874",
							"protocolProfileBehavior": {
								"disableBodyPruning": true
							},
							"request": {
								"method": "DELETE",
								"header": [
									{
										"key": "Accept",
										"value": "application/json"
									}
								],
								"url": {
									"raw": "{{baseUrl}}/cart/:userId/removeAll",
									"host": [
										"{{baseUrl}}"
									],
									"path": [
										"cart",
										":userId",
										"removeAll"
									],
									"variable": [
										{
											"key": "userId",
											"value": "<string>",
											"description": "(Required) The unique identifier of the user"
										}
									]
								}
							},
							"response": [
								{
									"id": "83eea3e4-355e-4eb4-bcd6-3e53cb46c1be",
									"name": "Removes all items from cart successfully",
									"originalRequest": {
										"method": "DELETE",
										"header": [],
										"url": {
											"raw": "{{baseUrl}}/cart/:userId/removeAll",
											"host": [
												"{{baseUrl}}"
											],
											"path": [
												"cart",
												":userId",
												"removeAll"
											],
											"variable": [
												{
													"key": "userId",
													"value": "<string>",
													"description": "(Required) The unique identifier of the user"
												}
											]
										}
									},
									"status": "OK",
									"code": 200,
									"_postman_previewlanguage": "text",
									"header": [
										{
											"key": "Content-Type",
											"value": "text/plain"
										}
									],
									"cookie": [],
									"body": ""
								},
								{
									"id": "add348df-690f-4395-821e-9f3dbc97839e",
									"name": "Nothing in cart to delete",
									"originalRequest": {
										"method": "DELETE",
										"header": [],
										"url": {
											"raw": "{{baseUrl}}/cart/:userId/removeAll",
											"host": [
												"{{baseUrl}}"
											],
											"path": [
												"cart",
												":userId",
												"removeAll"
											],
											"variable": [
												{
													"key": "userId",
													"value": "<string>",
													"description": "(Required) The unique identifier of the user"
												}
											]
										}
									},
									"status": "Not Found",
									"code": 404,
									"_postman_previewlanguage": "json",
									"header": [
										{
											"key": "Content-Type",
											"value": "application/json"
										}
									],
									"cookie": [],
									"body": "{\n  \"errorMsg\": \"<string>\"\n}"
								},
								{
									"id": "d810ebf8-1ea8-4c39-9e8d-49260aa54426",
									"name": "Unexpected error",
									"originalRequest": {
										"method": "DELETE",
										"header": [],
										"url": {
											"raw": "{{baseUrl}}/cart/:userId/removeAll",
											"host": [
												"{{baseUrl}}"
											],
											"path": [
												"cart",
												":userId",
												"removeAll"
											],
											"variable": [
												{
													"key": "userId",
													"value": "<string>",
													"description": "(Required) The unique identifier of the user"
												}
											]
										}
									},
									"status": "Internal Server Error",
									"code": 500,
									"_postman_previewlanguage": "json",
									"header": [
										{
											"key": "Content-Type",
											"value": "application/json"
										}
									],
									"cookie": [],
									"body": "{\n  \"errorMsg\": \"<string>\"\n}"
								}
							]
						},
						{
							"name": "Get Item information",
							"id": "fe5c79d5-5ee6-44e5-af70-58ad5a0df11c",
							"protocolProfileBehavior": {
								"disableBodyPruning": true
							},
							"request": {
								"method": "GET",
								"header": [
									{
										"key": "Accept",
										"value": "application/json"
									}
								],
								"url": {
									"raw": "{{baseUrl}}/cart/:userId/:itemId",
									"host": [
										"{{baseUrl}}"
									],
									"path": [
										"cart",
										":userId",
										":itemId"
									],
									"variable": [
										{
											"key": "userId",
											"value": "<string>",
											"description": "(Required) The unique identifier of the user"
										},
										{
											"key": "itemId",
											"value": "<string>",
											"description": "(Required) The unique identifier of the item"
										}
									]
								}
							},
							"response": [
								{
									"id": "0a211a68-ee4a-4c23-8f21-bf4b715cab4f",
									"name": "The item corresponding to the provided 'itemId'",
									"originalRequest": {
										"method": "GET",
										"header": [],
										"url": {
											"raw": "{{baseUrl}}/cart/:userId/:itemId",
											"host": [
												"{{baseUrl}}"
											],
											"path": [
												"cart",
												":userId",
												":itemId"
											],
											"variable": [
												{
													"key": "userId",
													"value": "<string>",
													"description": "(Required) The unique identifier of the user"
												},
												{
													"key": "itemId",
													"value": "<string>",
													"description": "(Required) The unique identifier of the item"
												}
											]
										}
									},
									"status": "OK",
									"code": 200,
									"_postman_previewlanguage": "json",
									"header": [
										{
											"key": "Content-Type",
											"value": "application/json"
										}
									],
									"cookie": [],
									"body": "{\n  \"userId\": \"<string>\",\n  \"cartSize\": \"<integer>\",\n  \"cartAge\": \"<integer>\",\n  \"itemRep\": \"<object>\",\n  \"subtotal\": \"<number>\"\n}"
								},
								{
									"id": "9740cd80-fcd9-45fd-87fb-dbccf5a0edfa",
									"name": "No item found for the provided 'itemId'",
									"originalRequest": {
										"method": "GET",
										"header": [],
										"url": {
											"raw": "{{baseUrl}}/cart/:userId/:itemId",
											"host": [
												"{{baseUrl}}"
											],
											"path": [
												"cart",
												":userId",
												":itemId"
											],
											"variable": [
												{
													"key": "userId",
													"value": "<string>",
													"description": "(Required) The unique identifier of the user"
												},
												{
													"key": "itemId",
													"value": "<string>",
													"description": "(Required) The unique identifier of the item"
												}
											]
										}
									},
									"status": "Not Found",
									"code": 404,
									"_postman_previewlanguage": "json",
									"header": [
										{
											"key": "Content-Type",
											"value": "application/json"
										}
									],
									"cookie": [],
									"body": "{\n  \"errorMsg\": \"<string>\"\n}"
								},
								{
									"id": "05cd6458-e20a-4bfe-bc8e-a1570d94c86a",
									"name": "internal server error",
									"originalRequest": {
										"method": "GET",
										"header": [],
										"url": {
											"raw": "{{baseUrl}}/cart/:userId/:itemId",
											"host": [
												"{{baseUrl}}"
											],
											"path": [
												"cart",
												":userId",
												":itemId"
											],
											"variable": [
												{
													"key": "userId",
													"value": "<string>",
													"description": "(Required) The unique identifier of the user"
												},
												{
													"key": "itemId",
													"value": "<string>",
													"description": "(Required) The unique identifier of the item"
												}
											]
										}
									},
									"status": "Internal Server Error",
									"code": 500,
									"_postman_previewlanguage": "json",
									"header": [
										{
											"key": "Content-Type",
											"value": "application/json"
										}
									],
									"cookie": [],
									"body": "{\n  \"errorMsg\": \"<string>\"\n}"
								}
							]
						}
					],
					"id": "9c96fff9-9523-4e28-99b9-04201b48b36d"
				},
				{
					"name": "Retrieve list of all carts",
					"id": "a9faa581-530f-4c9c-beee-f0f8e074b36f",
					"protocolProfileBehavior": {
						"disableBodyPruning": true
					},
					"request": {
						"method": "GET",
						"header": [
							{
								"key": "Accept",
								"value": "application/json"
							}
						],
						"url": {
							"raw": "{{baseUrl}}/cart?timeAfter=<integer>",
							"host": [
								"{{baseUrl}}"
							],
							"path": [
								"cart"
							],
							"query": [
								{
									"key": "timeAfter",
									"value": "<integer>",
									"description": "Return carts that are inactive for {timeAfter} or longer (days)"
								}
							]
						}
					},
					"response": [
						{
							"id": "aac8bc3e-5b25-42b7-8da9-fe16ab70e825",
							"name": "Successfully returned a list of cartIDs and their age.",
							"originalRequest": {
								"method": "GET",
								"header": [],
								"url": {
									"raw": "{{baseUrl}}/cart?timeAfter=<integer>",
									"host": [
										"{{baseUrl}}"
									],
									"path": [
										"cart"
									],
									"query": [
										{
											"key": "timeAfter",
											"value": "<integer>"
										}
									]
								}
							},
							"status": "OK",
							"code": 200,
							"_postman_previewlanguage": "json",
							"header": [
								{
									"key": "Content-Type",
									"value": "application/json"
								}
							],
							"cookie": [],
							"body": "[\n  {\n    \"userId\": \"<string>\",\n    \"cartAge\": \"<integer>\"\n  },\n  {\n    \"userId\": \"<string>\",\n    \"cartAge\": \"<integer>\"\n  }\n]"
						},
						{
							"id": "c51a087d-d40f-4561-9f3f-2eb8529017a8",
							"name": "No carts found",
							"originalRequest": {
								"method": "GET",
								"header": [],
								"url": {
									"raw": "{{baseUrl}}/cart?timeAfter=<integer>",
									"host": [
										"{{baseUrl}}"
									],
									"path": [
										"cart"
									],
									"query": [
										{
											"key": "timeAfter",
											"value": "<integer>"
										}
									]
								}
							},
							"status": "Not Found",
							"code": 404,
							"_postman_previewlanguage": "json",
							"header": [
								{
									"key": "Content-Type",
									"value": "application/json"
								}
							],
							"cookie": [],
							"body": "{\n  \"errorMsg\": \"<string>\"\n}"
						},
						{
							"id": "d0747079-4f0a-44c5-8168-9dbf7e22f9ea",
							"name": "Unexpected error",
							"originalRequest": {
								"method": "GET",
								"header": [],
								"url": {
									"raw": "{{baseUrl}}/cart?timeAfter=<integer>",
									"host": [
										"{{baseUrl}}"
									],
									"path": [
										"cart"
									],
									"query": [
										{
											"key": "timeAfter",
											"value": "<integer>"
										}
									]
								}
							},
							"status": "Internal Server Error",
							"code": 500,
							"_postman_previewlanguage": "json",
							"header": [
								{
									"key": "Content-Type",
									"value": "application/json"
								}
							],
							"cookie": [],
							"body": "{\n  \"errorMsg\": \"<string>\"\n}"
						}
					]
				},
				{
					"name": "Create a new cart",
					"id": "df788180-4a14-4bde-9933-0c413f729e97",
					"protocolProfileBehavior": {
						"disableBodyPruning": true
					},
					"request": {
						"method": "POST",
						"header": [
							{
								"key": "Accept",
								"value": "application/json"
							}
						],
						"url": {
							"raw": "{{baseUrl}}/cart",
							"host": [
								"{{baseUrl}}"
							],
							"path": [
								"cart"
							]
						}
					},
					"response": [
						{
							"id": "50e13472-9894-4db3-acbe-b2dceef70e78",
							"name": "Successfully created a cart with ID userId",
							"originalRequest": {
								"method": "POST",
								"header": [],
								"url": {
									"raw": "{{baseUrl}}/cart",
									"host": [
										"{{baseUrl}}"
									],
									"path": [
										"cart"
									]
								}
							},
							"status": "OK",
							"code": 200,
							"_postman_previewlanguage": "json",
							"header": [
								{
									"key": "Content-Type",
									"value": "application/json"
								}
							],
							"cookie": [],
							"body": "[\n  {\n    \"userId\": \"<string>\",\n    \"cartSize\": \"<integer>\",\n    \"cartAge\": \"<integer>\",\n    \"itemRep\": \"<object>\",\n    \"subtotal\": \"<number>\"\n  },\n  {\n    \"userId\": \"<string>\",\n    \"cartSize\": \"<integer>\",\n    \"cartAge\": \"<integer>\",\n    \"itemRep\": \"<object>\",\n    \"subtotal\": \"<number>\"\n  }\n]"
						}
					]
				}
			],
			"id": "9deb5c9a-9b88-4fad-a359-ea1c0db80793"
		}
	],
	"variable": [
		{
			"id": "60284b5e-44e7-4e68-9b13-da8ea853b4f5",
			"key": "baseUrl",
			"value": "https://cusports.com",
			"type": "string"
		}
	]
}