{
	"info": {
		"_postman_id": "02abb411-14bb-41a8-ac75-e51c0d858174",
		"name": "cart-cellection-v04",
		"description": "Stores cart data for each user",
		"schema": "https://schema.getpostman.com/json/collection/v2.1.0/collection.json",
		"_uid": "23564882-02abb411-14bb-41a8-ac75-e51c0d858174"
	},
	"item": [
		{
			"name": "cart",
			"item": [
				{
					"name": "{user Id}",
					"item": [
						{
							"name": "Returns all items in the cart",
							"id": "3d428d83-ddc5-4176-b4b8-158f9c702a60",
							"protocolProfileBehavior": {
								"disableBodyPruning": true
							},
							"request": {
								"method": "GET",
								"header": [
									{
										"key": "Accept",
										"value": "application/json"
									}
								],
								"url": {
									"raw": "{{baseUrl}}/cart/:userId",
									"host": [
										"{{baseUrl}}"
									],
									"path": [
										"cart",
										":userId"
									],
									"variable": [
										{
											"key": "userId",
											"value": "<string>",
											"description": "(Required) The unique identifier of the cart"
										}
									]
								}
							},
							"response": [
								{
									"id": "4a73b8d3-274c-4af7-926e-759fa759d0f9",
									"name": "The items corresponding to the provided `userId`",
									"originalRequest": {
										"method": "GET",
										"header": [],
										"url": {
											"raw": "{{baseUrl}}/cart/:userId",
											"host": [
												"{{baseUrl}}"
											],
											"path": [
												"cart",
												":userId"
											],
											"variable": [
												{
													"key": "userId",
													"value": "<string>",
													"description": "(Required) The unique identifier of the cart"
												}
											]
										}
									},
									"status": "OK",
									"code": 200,
									"_postman_previewlanguage": "json",
									"header": [
										{
											"key": "Content-Type",
											"value": "application/json"
										}
									],
									"cookie": [],
									"body": "{\n  \"userId\": \"<string>\",\n  \"cartSize\": \"<integer>\",\n  \"cartAge\": \"<integer>\",\n  \"itemRep\": \"<object>\",\n  \"subtotal\": \"<number>\"\n}"
								},
								{
									"id": "58d24bf8-ae0d-4ed2-bb80-8c26dba1b837",
									"name": "No cart found for the provided `userId`",
									"originalRequest": {
										"method": "GET",
										"header": [],
										"url": {
											"raw": "{{baseUrl}}/cart/:userId",
											"host": [
												"{{baseUrl}}"
											],
											"path": [
												"cart",
												":userId"
											],
											"variable": [
												{
													"key": "userId",
													"value": "<string>",
													"description": "(Required) The unique identifier of the cart"
												}
											]
										}
									},
									"status": "Not Found",
									"code": 404,
									"_postman_previewlanguage": "json",
									"header": [
										{
											"key": "Content-Type",
											"value": "application/json"
										}
									],
									"cookie": [],
									"body": "{\n  \"errorMsg\": \"<string>\"\n}"
								},
								{
									"id": "b8eb9bce-deec-446d-9e4a-a8dd0817e3b8",
									"name": "Unexpected error",
									"originalRequest": {
										"method": "GET",
										"header": [],
										"url": {
											"raw": "{{baseUrl}}/cart/:userId",
											"host": [
												"{{baseUrl}}"
											],
											"path": [
												"cart",
												":userId"
											],
											"variable": [
												{
													"key": "userId",
													"value": "<string>",
													"description": "(Required) The unique identifier of the cart"
												}
											]
										}
									},
									"status": "Internal Server Error",
									"code": 500,
									"_postman_previewlanguage": "json",
									"header": [
										{
											"key": "Content-Type",
											"value": "application/json"
										}
									],
									"cookie": [],
									"body": "{\n  \"errorMsg\": \"<string>\"\n}"
								}
							]
						},
						{
							"name": "add an item to the cart",
							"id": "1973c3f9-25cb-4bb9-9e74-027570121081",
							"protocolProfileBehavior": {
								"disableBodyPruning": true
							},
							"request": {
								"method": "POST",
								"header": [
									{
										"key": "Accept",
										"value": "application/json"
									}
								],
								"url": {
									"raw": "{{baseUrl}}/cart/:userId",
									"host": [
										"{{baseUrl}}"
									],
									"path": [
										"cart",
										":userId"
									],
									"variable": [
										{
											"key": "userId",
											"value": "<string>",
											"description": "(Required) The unique identifier of the cart"
										}
									]
								}
							},
							"response": [
								{
									"id": "75c9f7bf-6c3a-4844-a913-11cbc5aa0cf4",
									"name": "adds item to the cart with specified userId",
									"originalRequest": {
										"method": "POST",
										"header": [],
										"url": {
											"raw": "{{baseUrl}}/cart/:userId",
											"host": [
												"{{baseUrl}}"
											],
											"path": [
												"cart",
												":userId"
											],
											"variable": [
												{
													"key": "userId",
													"value": "<string>",
													"description": "(Required) The unique identifier of the cart"
												}
											]
										}
									},
									"status": "OK",
									"code": 200,
									"_postman_previewlanguage": "text",
									"header": [
										{
											"key": "Content-Type",
											"value": "text/plain"
										}
									],
									"cookie": [],
									"body": ""
								},
								{
									"id": "78b52ae1-efa6-4a99-9d8f-a07c56a2c4bc",
									"name": "No item found for specified userId",
									"originalRequest": {
										"method": "POST",
										"header": [],
										"url": {
											"raw": "{{baseUrl}}/cart/:userId",
											"host": [
												"{{baseUrl}}"
											],
											"path": [
												"cart",
												":userId"
											],
											"variable": [
												{
													"key": "userId",
													"value": "<string>",
													"description": "(Required) The unique identifier of the cart"
												}
											]
										}
									},
									"status": "Not Found",
									"code": 404,
									"_postman_previewlanguage": "json",
									"header": [
										{
											"key": "Content-Type",
											"value": "application/json"
										}
									],
									"cookie": [],
									"body": "{\n  \"errorMsg\": \"<string>\"\n}"
								},
								{
									"id": "cb9e208f-120c-4c3b-aa7d-f14a64e69352",
									"name": "internal server error",
									"originalRequest": {
										"method": "POST",
										"header": [],
										"url": {
											"raw": "{{baseUrl}}/cart/:userId",
											"host": [
												"{{baseUrl}}"
											],
											"path": [
												"cart",
												":userId"
											],
											"variable": [
												{
													"key": "userId",
													"value": "<string>",
													"description": "(Required) The unique identifier of the cart"
												}
											]
										}
									},
									"status": "Internal Server Error",
									"code": 500,
									"_postman_previewlanguage": "json",
									"header": [
										{
											"key": "Content-Type",
											"value": "application/json"
										}
									],
									"cookie": [],
									"body": "{\n  \"errorMsg\": \"<string>\"\n}"
								}
							]
						},
						{
							"name": "removes an item from the cart",
							"id": "66a1be08-1cd5-4730-9b4e-78c736ffda49",
							"protocolProfileBehavior": {
								"disableBodyPruning": true
							},
							"request": {
								"method": "DELETE",
								"header": [
									{
										"key": "Accept",
										"value": "application/json"
									}
								],
								"url": {
									"raw": "{{baseUrl}}/cart/:userId",
									"host": [
										"{{baseUrl}}"
									],
									"path": [
										"cart",
										":userId"
									],
									"variable": [
										{
											"key": "userId",
											"value": "<string>",
											"description": "(Required) The unique identifier of the cart"
										}
									]
								}
							},
							"response": [
								{
									"id": "721042d0-ca98-4450-babb-f867983bfcc3",
									"name": "successfully removed an item from the cart",
									"originalRequest": {
										"method": "DELETE",
										"header": [],
										"url": {
											"raw": "{{baseUrl}}/cart/:userId",
											"host": [
												"{{baseUrl}}"
											],
											"path": [
												"cart",
												":userId"
											],
											"variable": [
												{
													"key": "userId",
													"value": "<string>",
													"description": "(Required) The unique identifier of the cart"
												}
											]
										}
									},
									"status": "OK",
									"code": 200,
									"_postman_previewlanguage": "text",
									"header": [
										{
											"key": "Content-Type",
											"value": "text/plain"
										}
									],
									"cookie": [],
									"body": ""
								},
								{
									"id": "504a700f-6217-4b29-b4b8-99cf71e959f0",
									"name": "No item found for given userId",
									"originalRequest": {
										"method": "DELETE",
										"header": [],
										"url": {
											"raw": "{{baseUrl}}/cart/:userId",
											"host": [
												"{{baseUrl}}"
											],
											"path": [
												"cart",
												":userId"
											],
											"variable": [
												{
													"key": "userId",
													"value": "<string>",
													"description": "(Required) The unique identifier of the cart"
												}
											]
										}
									},
									"status": "Not Found",
									"code": 404,
									"_postman_previewlanguage": "json",
									"header": [
										{
											"key": "Content-Type",
											"value": "application/json"
										}
									],
									"cookie": [],
									"body": "{\n  \"errorMsg\": \"<string>\"\n}"
								},
								{
									"id": "3a4faa6e-6034-49fa-aa66-3179edcd7ad5",
									"name": "internal server error",
									"originalRequest": {
										"method": "DELETE",
										"header": [],
										"url": {
											"raw": "{{baseUrl}}/cart/:userId",
											"host": [
												"{{baseUrl}}"
											],
											"path": [
												"cart",
												":userId"
											],
											"variable": [
												{
													"key": "userId",
													"value": "<string>",
													"description": "(Required) The unique identifier of the cart"
												}
											]
										}
									},
									"status": "Internal Server Error",
									"code": 500,
									"_postman_previewlanguage": "json",
									"header": [
										{
											"key": "Content-Type",
											"value": "application/json"
										}
									],
									"cookie": [],
									"body": "{\n  \"errorMsg\": \"<string>\"\n}"
								}
							]
						},
						{
							"name": "gets subtotal for the cart",
							"id": "ce147f8a-b22f-4906-bd28-8f3cf88aa04b",
							"protocolProfileBehavior": {
								"disableBodyPruning": true
							},
							"request": {
								"method": "GET",
								"header": [
									{
										"key": "Accept",
										"value": "application/json"
									}
								],
								"url": {
									"raw": "{{baseUrl}}/cart/:userId/subtotal",
									"host": [
										"{{baseUrl}}"
									],
									"path": [
										"cart",
										":userId",
										"subtotal"
									],
									"variable": [
										{
											"key": "userId",
											"value": "<string>",
											"description": "(Required) The unique identifier of the cart"
										}
									]
								}
							},
							"response": [
								{
									"id": "6121fe16-e362-45d8-a302-184b7bb59336",
									"name": "Successfully obtained cart subtotal",
									"originalRequest": {
										"method": "GET",
										"header": [],
										"url": {
											"raw": "{{baseUrl}}/cart/:userId/subtotal",
											"host": [
												"{{baseUrl}}"
											],
											"path": [
												"cart",
												":userId",
												"subtotal"
											],
											"variable": [
												{
													"key": "userId",
													"value": "<string>",
													"description": "(Required) The unique identifier of the cart"
												}
											]
										}
									},
									"status": "OK",
									"code": 200,
									"_postman_previewlanguage": "json",
									"header": [
										{
											"key": "Content-Type",
											"value": "application/json"
										}
									],
									"cookie": [],
									"body": "{\n  \"userId\": \"<string>\",\n  \"cartSize\": \"<integer>\",\n  \"cartAge\": \"<integer>\",\n  \"itemRep\": \"<object>\",\n  \"subtotal\": \"<number>\"\n}"
								},
								{
									"id": "73336667-b494-42f4-9461-4a719f8205d0",
									"name": "No subtotal found for given userId",
									"originalRequest": {
										"method": "GET",
										"header": [],
										"url": {
											"raw": "{{baseUrl}}/cart/:userId/subtotal",
											"host": [
												"{{baseUrl}}"
											],
											"path": [
												"cart",
												":userId",
												"subtotal"
											],
											"variable": [
												{
													"key": "userId",
													"value": "<string>",
													"description": "(Required) The unique identifier of the cart"
												}
											]
										}
									},
									"status": "Not Found",
									"code": 404,
									"_postman_previewlanguage": "json",
									"header": [
										{
											"key": "Content-Type",
											"value": "application/json"
										}
									],
									"cookie": [],
									"body": "{\n  \"errorMsg\": \"<string>\"\n}"
								},
								{
									"id": "d2b00667-dd6a-4c3f-b3d4-cdd60ee65994",
									"name": "Unexpected error",
									"originalRequest": {
										"method": "GET",
										"header": [],
										"url": {
											"raw": "{{baseUrl}}/cart/:userId/subtotal",
											"host": [
												"{{baseUrl}}"
											],
											"path": [
												"cart",
												":userId",
												"subtotal"
											],
											"variable": [
												{
													"key": "userId",
													"value": "<string>",
													"description": "(Required) The unique identifier of the cart"
												}
											]
										}
									},
									"status": "Internal Server Error",
									"code": 500,
									"_postman_previewlanguage": "json",
									"header": [
										{
											"key": "Content-Type",
											"value": "application/json"
										}
									],
									"cookie": [],
									"body": "{\n  \"errorMsg\": \"<string>\"\n}"
								}
							]
						},
						{
							"name": "removes all items from the cart",
							"id": "3747d3bb-b3e1-4520-a399-6b2d7ebea117",
							"protocolProfileBehavior": {
								"disableBodyPruning": true
							},
							"request": {
								"method": "DELETE",
								"header": [
									{
										"key": "Accept",
										"value": "application/json"
									}
								],
								"url": {
									"raw": "{{baseUrl}}/cart/:userId/removeAll",
									"host": [
										"{{baseUrl}}"
									],
									"path": [
										"cart",
										":userId",
										"removeAll"
									],
									"variable": [
										{
											"key": "userId",
											"value": "<string>",
											"description": "(Required) The unique identifier of the user"
										}
									]
								}
							},
							"response": [
								{
									"id": "ec2f626f-1aa0-4f75-8900-ca3fd2a0b253",
									"name": "Removes all items from cart successfully",
									"originalRequest": {
										"method": "DELETE",
										"header": [],
										"url": {
											"raw": "{{baseUrl}}/cart/:userId/removeAll",
											"host": [
												"{{baseUrl}}"
											],
											"path": [
												"cart",
												":userId",
												"removeAll"
											],
											"variable": [
												{
													"key": "userId",
													"value": "<string>",
													"description": "(Required) The unique identifier of the user"
												}
											]
										}
									},
									"status": "OK",
									"code": 200,
									"_postman_previewlanguage": "text",
									"header": [
										{
											"key": "Content-Type",
											"value": "text/plain"
										}
									],
									"cookie": [],
									"body": ""
								},
								{
									"id": "bbbd2544-3e6d-4f97-9710-e79bb2d6c9be",
									"name": "Nothing in cart to delete",
									"originalRequest": {
										"method": "DELETE",
										"header": [],
										"url": {
											"raw": "{{baseUrl}}/cart/:userId/removeAll",
											"host": [
												"{{baseUrl}}"
											],
											"path": [
												"cart",
												":userId",
												"removeAll"
											],
											"variable": [
												{
													"key": "userId",
													"value": "<string>",
													"description": "(Required) The unique identifier of the user"
												}
											]
										}
									},
									"status": "Not Found",
									"code": 404,
									"_postman_previewlanguage": "json",
									"header": [
										{
											"key": "Content-Type",
											"value": "application/json"
										}
									],
									"cookie": [],
									"body": "{\n  \"errorMsg\": \"<string>\"\n}"
								},
								{
									"id": "f326ad46-5fa2-4f90-87e2-b152ba6c203e",
									"name": "Unexpected error",
									"originalRequest": {
										"method": "DELETE",
										"header": [],
										"url": {
											"raw": "{{baseUrl}}/cart/:userId/removeAll",
											"host": [
												"{{baseUrl}}"
											],
											"path": [
												"cart",
												":userId",
												"removeAll"
											],
											"variable": [
												{
													"key": "userId",
													"value": "<string>",
													"description": "(Required) The unique identifier of the user"
												}
											]
										}
									},
									"status": "Internal Server Error",
									"code": 500,
									"_postman_previewlanguage": "json",
									"header": [
										{
											"key": "Content-Type",
											"value": "application/json"
										}
									],
									"cookie": [],
									"body": "{\n  \"errorMsg\": \"<string>\"\n}"
								}
							]
						},
						{
							"name": "Get Item information",
							"id": "deed56ac-5bdd-48cc-ae64-1cc6e8580a41",
							"protocolProfileBehavior": {
								"disableBodyPruning": true
							},
							"request": {
								"method": "GET",
								"header": [
									{
										"key": "Accept",
										"value": "application/json"
									}
								],
								"url": {
									"raw": "{{baseUrl}}/cart/:userId/:itemId",
									"host": [
										"{{baseUrl}}"
									],
									"path": [
										"cart",
										":userId",
										":itemId"
									],
									"variable": [
										{
											"key": "userId",
											"value": "<string>",
											"description": "(Required) The unique identifier of the user"
										},
										{
											"key": "itemId",
											"value": "<string>",
											"description": "(Required) The unique identifier of the item"
										}
									]
								}
							},
							"response": [
								{
									"id": "59d862e2-3ada-4035-b1e6-640c2f93cd5f",
									"name": "The item corresponding to the provided 'itemId'",
									"originalRequest": {
										"method": "GET",
										"header": [],
										"url": {
											"raw": "{{baseUrl}}/cart/:userId/:itemId",
											"host": [
												"{{baseUrl}}"
											],
											"path": [
												"cart",
												":userId",
												":itemId"
											],
											"variable": [
												{
													"key": "userId",
													"value": "<string>",
													"description": "(Required) The unique identifier of the user"
												},
												{
													"key": "itemId",
													"value": "<string>",
													"description": "(Required) The unique identifier of the item"
												}
											]
										}
									},
									"status": "OK",
									"code": 200,
									"_postman_previewlanguage": "json",
									"header": [
										{
											"key": "Content-Type",
											"value": "application/json"
										}
									],
									"cookie": [],
									"body": "{\n  \"userId\": \"<string>\",\n  \"cartSize\": \"<integer>\",\n  \"cartAge\": \"<integer>\",\n  \"itemRep\": \"<object>\",\n  \"subtotal\": \"<number>\"\n}"
								},
								{
									"id": "f6d50774-df73-4e65-9a29-ec04940e036b",
									"name": "No item found for the provided 'itemId'",
									"originalRequest": {
										"method": "GET",
										"header": [],
										"url": {
											"raw": "{{baseUrl}}/cart/:userId/:itemId",
											"host": [
												"{{baseUrl}}"
											],
											"path": [
												"cart",
												":userId",
												":itemId"
											],
											"variable": [
												{
													"key": "userId",
													"value": "<string>",
													"description": "(Required) The unique identifier of the user"
												},
												{
													"key": "itemId",
													"value": "<string>",
													"description": "(Required) The unique identifier of the item"
												}
											]
										}
									},
									"status": "Not Found",
									"code": 404,
									"_postman_previewlanguage": "json",
									"header": [
										{
											"key": "Content-Type",
											"value": "application/json"
										}
									],
									"cookie": [],
									"body": "{\n  \"errorMsg\": \"<string>\"\n}"
								},
								{
									"id": "39dfcbb4-edc0-424f-8fd6-35ac5b3e12d2",
									"name": "internal server error",
									"originalRequest": {
										"method": "GET",
										"header": [],
										"url": {
											"raw": "{{baseUrl}}/cart/:userId/:itemId",
											"host": [
												"{{baseUrl}}"
											],
											"path": [
												"cart",
												":userId",
												":itemId"
											],
											"variable": [
												{
													"key": "userId",
													"value": "<string>",
													"description": "(Required) The unique identifier of the user"
												},
												{
													"key": "itemId",
													"value": "<string>",
													"description": "(Required) The unique identifier of the item"
												}
											]
										}
									},
									"status": "Internal Server Error",
									"code": 500,
									"_postman_previewlanguage": "json",
									"header": [
										{
											"key": "Content-Type",
											"value": "application/json"
										}
									],
									"cookie": [],
									"body": "{\n  \"errorMsg\": \"<string>\"\n}"
								}
							]
						}
					],
					"id": "a51c557a-8941-4304-b653-d77225bdf2c1"
				},
				{
					"name": "Retrieve list of all carts",
					"id": "a5bc1ed6-59cf-4080-94db-30c596307460",
					"protocolProfileBehavior": {
						"disableBodyPruning": true
					},
					"request": {
						"method": "GET",
						"header": [
							{
								"key": "Accept",
								"value": "application/json"
							}
						],
						"url": {
							"raw": "{{baseUrl}}/cart?timeAfter=<integer>",
							"host": [
								"{{baseUrl}}"
							],
							"path": [
								"cart"
							],
							"query": [
								{
									"key": "timeAfter",
									"value": "<integer>",
									"description": "Return carts that are inactive for {timeAfter} or longer (days)"
								}
							]
						}
					},
					"response": [
						{
							"id": "8756524f-86f7-43c0-8619-c08463fcd7f7",
							"name": "Successfully returned a list of cartIDs and their age.",
							"originalRequest": {
								"method": "GET",
								"header": [],
								"url": {
									"raw": "{{baseUrl}}/cart?timeAfter=<integer>",
									"host": [
										"{{baseUrl}}"
									],
									"path": [
										"cart"
									],
									"query": [
										{
											"key": "timeAfter",
											"value": "<integer>"
										}
									]
								}
							},
							"status": "OK",
							"code": 200,
							"_postman_previewlanguage": "json",
							"header": [
								{
									"key": "Content-Type",
									"value": "application/json"
								}
							],
							"cookie": [],
							"body": "[\n  {\n    \"userId\": \"<string>\",\n    \"cartAge\": \"<integer>\"\n  },\n  {\n    \"userId\": \"<string>\",\n    \"cartAge\": \"<integer>\"\n  }\n]"
						},
						{
							"id": "f49d84df-26ea-48d2-9c5a-521beb03f71a",
							"name": "No carts found",
							"originalRequest": {
								"method": "GET",
								"header": [],
								"url": {
									"raw": "{{baseUrl}}/cart?timeAfter=<integer>",
									"host": [
										"{{baseUrl}}"
									],
									"path": [
										"cart"
									],
									"query": [
										{
											"key": "timeAfter",
											"value": "<integer>"
										}
									]
								}
							},
							"status": "Not Found",
							"code": 404,
							"_postman_previewlanguage": "json",
							"header": [
								{
									"key": "Content-Type",
									"value": "application/json"
								}
							],
							"cookie": [],
							"body": "{\n  \"errorMsg\": \"<string>\"\n}"
						},
						{
							"id": "8aacbdbb-f78a-47cb-97b3-464b6e262086",
							"name": "Unexpected error",
							"originalRequest": {
								"method": "GET",
								"header": [],
								"url": {
									"raw": "{{baseUrl}}/cart?timeAfter=<integer>",
									"host": [
										"{{baseUrl}}"
									],
									"path": [
										"cart"
									],
									"query": [
										{
											"key": "timeAfter",
											"value": "<integer>"
										}
									]
								}
							},
							"status": "Internal Server Error",
							"code": 500,
							"_postman_previewlanguage": "json",
							"header": [
								{
									"key": "Content-Type",
									"value": "application/json"
								}
							],
							"cookie": [],
							"body": "{\n  \"errorMsg\": \"<string>\"\n}"
						}
					]
				},
				{
					"name": "Create a new cart",
					"id": "d1ab51b3-a598-489c-a885-0d1b2a204f31",
					"protocolProfileBehavior": {
						"disableBodyPruning": true
					},
					"request": {
						"method": "POST",
						"header": [
							{
								"key": "Accept",
								"value": "application/json"
							}
						],
						"url": {
							"raw": "{{baseUrl}}/cart",
							"host": [
								"{{baseUrl}}"
							],
							"path": [
								"cart"
							]
						}
					},
					"response": [
						{
							"id": "02ac3f5b-d224-4828-bcea-4116cc47b3dd",
							"name": "Successfully created a cart with ID userId",
							"originalRequest": {
								"method": "POST",
								"header": [],
								"url": {
									"raw": "{{baseUrl}}/cart",
									"host": [
										"{{baseUrl}}"
									],
									"path": [
										"cart"
									]
								}
							},
							"status": "OK",
							"code": 200,
							"_postman_previewlanguage": "json",
							"header": [
								{
									"key": "Content-Type",
									"value": "application/json"
								}
							],
							"cookie": [],
							"body": "{\n  \"userId\": \"<string>\",\n  \"cartAge\": \"<integer>\"\n}"
						}
					]
				}
			],
			"id": "919da0a2-e33a-427a-bc96-8170237e05d1"
		}
	],
	"variable": [
		{
			"id": "16e07370-ea90-4efe-9912-fac40994ed1a",
			"key": "baseUrl",
			"value": "https://cusports.com",
			"type": "string"
		}
	]
}